link_projeto,modulo_projeto,id_aluno,conceito_projeto,id_turma
https://github.com/aluno/repositorio-teste,1,1,Ainda não está pronto,201
https://github.com/aluno/repositorio-teste,1,2,Chegando lá,201
https://github.com/aluno/repositorio-teste,1,3,Pronto,202
https://github.com/aluno/repositorio-teste,1,4,Mais que pronto,203
https://github.com/aluno/repositorio-teste,1,5,Ainda não está pronto,203
https://github.com/aluno/repositorio-teste,1,6,Chegando lá,204
https://github.com/aluno/repositorio-teste,1,7,Pronto,204
https://github.com/aluno/repositorio-teste,1,8,Mais que pronto,204
https://github.com/aluno/repositorio-teste,1,9,Ainda não está pronto,205
https://github.com/aluno/repositorio-teste,1,10,Chegando lá,206
https://github.com/aluno/repositorio-teste,1,11,Pronto,207
